{"cameraMode":{"drawMode":0,"name":"Shaded","section":"Shading Mode"},"sceneLighting":false,"audioPlay":false,"sceneViewState":{"showFog":true,"showMaterialUpdate":true,"showSkybox":true,"showFlares":true,"showImageEffects":true,"showParticleSystems":true},"in2DMode":false,"pivot":{"x":0.4379544258117676,"y":3.6776247024536135,"z":-2.407442092895508},"rotation":{"x":-0.02730569988489151,"y":0.005095462780445814,"z":-0.00013912115537095815,"w":-0.9996141791343689},"size":10.296248435974121,"orthographic":false}