{"cameraMode":{"drawMode":0,"name":"Shaded","section":"Shading Mode"},"sceneLighting":false,"audioPlay":false,"sceneViewState":{"showFog":true,"showMaterialUpdate":true,"showSkybox":false,"showFlares":true,"showImageEffects":true,"showParticleSystems":true},"in2DMode":false,"pivot":{"x":4.283474922180176,"y":2.1336889266967775,"z":-1.958869218826294},"rotation":{"x":-0.0008637467981316149,"y":-0.8176530599594116,"z":0.0012271010782569647,"w":-0.575709342956543},"size":14.595187187194825,"orthographic":false}