{"cameraMode":{"drawMode":0,"name":"Shaded","section":"Shading Mode"},"sceneLighting":false,"audioPlay":false,"sceneViewState":{"showFog":true,"showMaterialUpdate":true,"showSkybox":true,"showFlares":true,"showImageEffects":true,"showParticleSystems":true},"in2DMode":false,"pivot":{"x":1.7403188943862916,"y":28.08896255493164,"z":-56.28538131713867},"rotation":{"x":-0.0747591033577919,"y":-0.06725922226905823,"z":0.005053924862295389,"w":-0.9949179887771606},"size":18.783592224121095,"orthographic":false}