{"cameraMode":{"drawMode":0,"name":"Shaded","section":"Shading Mode"},"sceneLighting":false,"audioPlay":false,"sceneViewState":{"showFog":true,"showMaterialUpdate":true,"showSkybox":false,"showFlares":true,"showImageEffects":true,"showParticleSystems":true},"in2DMode":false,"pivot":{"x":-9.642293930053711,"y":3.328338623046875,"z":8.915794372558594},"rotation":{"x":-0.019187675788998605,"y":0.9780014157295227,"z":-0.10455342382192612,"w":-0.1794818490743637},"size":2.8578836917877199,"orthographic":false}