{"cameraMode":{"drawMode":0,"name":"Shaded","section":"Shading Mode"},"sceneLighting":false,"audioPlay":false,"sceneViewState":{"showFog":true,"showMaterialUpdate":true,"showSkybox":false,"showFlares":true,"showImageEffects":true,"showParticleSystems":true},"in2DMode":false,"pivot":{"x":1.2007386684417725,"y":1.4735828638076783,"z":3.2936184406280519},"rotation":{"x":0.0060316892340779308,"y":0.894548237323761,"z":-0.012077155523002148,"w":0.44676756858825686},"size":6.1578850746154789,"orthographic":false}