{"cameraMode":{"drawMode":0,"name":"Shaded","section":"Shading Mode"},"sceneLighting":false,"audioPlay":false,"sceneViewState":{"showFog":true,"showMaterialUpdate":true,"showSkybox":false,"showFlares":true,"showImageEffects":true,"showParticleSystems":true},"in2DMode":false,"pivot":{"x":-0.044370830059051517,"y":2.478649854660034,"z":-0.019141077995300294},"rotation":{"x":0.2797134220600128,"y":-0.005476201418787241,"z":0.0015954055124893785,"w":0.9600666165351868},"size":10.953773498535157,"orthographic":false}