{"cameraMode":{"drawMode":0,"name":"Shaded","section":"Shading Mode"},"sceneLighting":false,"audioPlay":false,"sceneViewState":{"showFog":true,"showMaterialUpdate":true,"showSkybox":false,"showFlares":true,"showImageEffects":true,"showParticleSystems":true},"in2DMode":false,"pivot":{"x":-0.00107574462890625,"y":-2.957090139389038,"z":0.0000457763671875},"rotation":{"x":0.3063884973526001,"y":-0.002855729078873992,"z":0.0009191919234581292,"w":0.951901912689209},"size":14.340524673461914,"orthographic":false}