{"cameraMode":{"drawMode":0,"name":"Shaded","section":"Shading Mode"},"sceneLighting":false,"audioPlay":false,"sceneViewState":{"showFog":true,"showMaterialUpdate":true,"showSkybox":true,"showFlares":true,"showImageEffects":true,"showParticleSystems":true},"in2DMode":false,"pivot":{"x":8.265373229980469,"y":6.093142032623291,"z":-46.623268127441409},"rotation":{"x":0.004499001894146204,"y":-0.019498636946082116,"z":-0.00008776773029239848,"w":-0.9997997879981995},"size":3.378065347671509,"orthographic":false}