{"cameraMode":{"drawMode":0,"name":"Shaded","section":"Shading Mode"},"sceneLighting":false,"audioPlay":false,"sceneViewState":{"showFog":true,"showMaterialUpdate":true,"showSkybox":false,"showFlares":true,"showImageEffects":true,"showParticleSystems":true},"in2DMode":false,"pivot":{"x":0.0000017881393432617188,"y":1.5131397247314454,"z":0.016342639923095704},"rotation":{"x":-0.04798005148768425,"y":0.00809225719422102,"z":-0.00038872240111231804,"w":-0.9988154172897339},"size":7.706731796264648,"orthographic":false}