{"cameraMode":{"drawMode":0,"name":"Shaded","section":"Shading Mode"},"sceneLighting":false,"audioPlay":false,"sceneViewState":{"showFog":true,"showMaterialUpdate":true,"showSkybox":false,"showFlares":true,"showImageEffects":true,"showParticleSystems":true},"in2DMode":false,"pivot":{"x":14.164815902709961,"y":0.9345974922180176,"z":0.038313865661621097},"rotation":{"x":0.017403341829776765,"y":-0.6335941553115845,"z":-0.01425829529762268,"w":-0.7733383774757385},"size":6.37883996963501,"orthographic":false}