{"cameraMode":{"drawMode":0,"name":"Shaded","section":"Shading Mode"},"sceneLighting":false,"audioPlay":false,"sceneViewState":{"showFog":true,"showMaterialUpdate":true,"showSkybox":false,"showFlares":true,"showImageEffects":true,"showParticleSystems":true},"in2DMode":false,"pivot":{"x":14.57851791381836,"y":4.245354175567627,"z":4.344594478607178},"rotation":{"x":-0.00011882727267220616,"y":0.9994491338729858,"z":-0.03299371525645256,"w":-0.003600164083763957},"size":10.673084259033204,"orthographic":false}