{"cameraMode":{"drawMode":0,"name":"Shaded","section":"Shading Mode"},"sceneLighting":false,"audioPlay":false,"sceneViewState":{"showFog":true,"showMaterialUpdate":true,"showSkybox":true,"showFlares":true,"showImageEffects":true,"showParticleSystems":true},"in2DMode":false,"pivot":{"x":10.056077003479004,"y":6.0130720138549809,"z":-34.288909912109378},"rotation":{"x":-0.055385127663612369,"y":0.05568099766969681,"z":-0.003093492705374956,"w":-0.9969064593315125},"size":19.23267936706543,"orthographic":false}