{"cameraMode":{"drawMode":0,"name":"Shaded","section":"Shading Mode"},"sceneLighting":false,"audioPlay":false,"sceneViewState":{"showFog":true,"showMaterialUpdate":true,"showSkybox":true,"showFlares":true,"showImageEffects":true,"showParticleSystems":true},"in2DMode":false,"pivot":{"x":0.9645658135414124,"y":18.572345733642579,"z":-2.2461791038513185},"rotation":{"x":-0.6822834610939026,"y":0.004386428277939558,"z":-0.004093746189028025,"w":-0.731063187122345},"size":3.3431005477905275,"orthographic":false}