{"cameraMode":{"drawMode":0,"name":"Shaded","section":"Shading Mode"},"sceneLighting":false,"audioPlay":false,"sceneViewState":{"showFog":true,"showMaterialUpdate":true,"showSkybox":false,"showFlares":true,"showImageEffects":true,"showParticleSystems":true},"in2DMode":false,"pivot":{"x":8.715349197387696,"y":1.452690839767456,"z":14.028522491455079},"rotation":{"x":-0.027045054361224176,"y":0.6203048825263977,"z":0.02140902727842331,"w":0.7836020588874817},"size":9.12236213684082,"orthographic":false}