{"cameraMode":{"drawMode":0,"name":"Shaded","section":"Shading Mode"},"sceneLighting":false,"audioPlay":false,"sceneViewState":{"showFog":true,"showMaterialUpdate":true,"showSkybox":true,"showFlares":true,"showImageEffects":true,"showParticleSystems":true},"in2DMode":false,"pivot":{"x":0.7220844626426697,"y":34.85748291015625,"z":-4.279193878173828},"rotation":{"x":0.5174704194068909,"y":-0.003850616281852126,"z":0.0023286452051252128,"w":0.855689287185669},"size":9.348273277282715,"orthographic":false}