{"cameraMode":{"drawMode":0,"name":"Shaded","section":"Shading Mode"},"sceneLighting":false,"audioPlay":false,"sceneViewState":{"showFog":true,"showMaterialUpdate":true,"showSkybox":false,"showFlares":true,"showImageEffects":true,"showParticleSystems":true},"in2DMode":false,"pivot":{"x":1.7443997859954835,"y":3.5391652584075929,"z":25.843006134033204},"rotation":{"x":0.08240565657615662,"y":0.0044833882711827759,"z":0.00037069962127134204,"w":-0.9965887665748596},"size":19.24086570739746,"orthographic":false}